{
	"credit": "Made with Blockbench",
	"ambientocclusion": false,
	"texture_size": [64, 64],
	"textures": {
		"5": "blocks/planks_oak",
		"side": "blocks/bed_head_side",
		"particle": "blocks/bed_head_top"
	},
	"elements": [
		{
			"name": "bed head sides",
			"from": [0, 5, 0],
			"to": [16, 9, 14],
			"faces": {
				"east": {"uv": [16, 7, 0, 11], "texture": "#side"},
				"south": {"uv": [0, 0, 0, 0], "texture": "#side"},
				"west": {"uv": [0, 7, 16, 11], "texture": "#side"},
				"up": {"uv": [12, 2, 8, 6], "rotation": 180, "texture": "#side"}
			}
		},
		{
			"name": "left leg",
			"from": [0, 0, 14],
			"to": [2, 13, 16],
			"faces": {
				"north": {"uv": [0, 0, 3, 12], "texture": "#5"},
				"east": {"uv": [0, 0, 3, 12], "texture": "#5"},
				"south": {"uv": [0, 0, 3, 12], "texture": "#5"},
				"west": {"uv": [0, 0, 3, 12], "texture": "#5"},
				"up": {"uv": [0, 0, 0, 0], "texture": "#5"},
				"down": {"uv": [4, 0, 7, 3], "texture": "#5"}
			}
		},
		{
			"name": "right leg",
			"from": [14, 0, 14],
			"to": [16, 13, 16],
			"faces": {
				"north": {"uv": [0, 0, 3, 12], "texture": "#5"},
				"east": {"uv": [0, 0, 3, 12], "texture": "#5"},
				"south": {"uv": [0, 0, 3, 12], "texture": "#5"},
				"west": {"uv": [0, 0, 3, 12], "texture": "#5"},
				"up": {"uv": [0, 0, 0, 0], "texture": "#5"},
				"down": {"uv": [3, 0, 6, 3], "texture": "#5"}
			}
		},
		{
			"name": "pillow",
			"from": [2, 9, 8],
			"to": [14, 10, 14],
			"faces": {
				"north": {"uv": [9, 14, 10, 2], "rotation": 90, "texture": "#particle"},
				"east": {"uv": [9, 13, 15, 14], "rotation": 180, "texture": "#particle"},
				"south": {"uv": [14, 2, 15, 14], "rotation": 90, "texture": "#particle"},
				"west": {"uv": [9, 2, 15, 3], "texture": "#particle"},
				"up": {"uv": [9, 2, 15, 14.1], "rotation": 90, "texture": "#particle"},
				"down": {"uv": [9, 2, 15, 14], "rotation": 90, "texture": "#particle"}
			}
		},
		{
			"name": "bed head top",
			"from": [0, 9, 0],
			"to": [16, 9, 14],
			"faces": {
				"north": {"uv": [0, 0, 4, 0], "texture": "#particle"},
				"east": {"uv": [0, 0, 4, 0], "texture": "#particle"},
				"south": {"uv": [0, 0, 4, 0], "texture": "#particle"},
				"west": {"uv": [0, 0, 4, 0], "texture": "#particle"},
				"up": {"uv": [0, 0, 16, 16], "rotation": 90, "texture": "#particle"}
			}
		},
		{
			"name": "bed head end",
			"from": [2, 3, 14],
			"to": [14, 11, 16],
			"faces": {
				"north": {"uv": [0, 9, 16, 16], "texture": "#5"},
				"east": {"uv": [15, 10, 16, 16], "texture": "#5"},
				"south": {"uv": [0, 9, 16, 16], "texture": "#5"},
				"west": {"uv": [0, 10, 1, 16], "texture": "#5"},
				"up": {"uv": [0, 9, 16, 10], "texture": "#5"},
				"down": {"uv": [0, 15, 16, 16], "texture": "#5"}
			}
		},
		{
			"name": "bed bottom",
			"from": [0, 3, 0],
			"to": [16, 3, 15],
			"faces": {
				"north": {"uv": [1.5, 6.5, 11.75, 13], "texture": "#5"},
				"east": {"uv": [0, 0, 3.25, 0], "texture": "#5"},
				"south": {"uv": [0, 0, 4, 0], "texture": "#5"},
				"west": {"uv": [0, 0, 3.25, 0], "texture": "#5"},
				"down": {"uv": [0, 0, 16, 16], "texture": "#5"}
			}
		},
		{
			"from": [0, 3, 0],
			"to": [0, 5, 14],
			"faces": {
				"north": {"uv": [0, 2, 1, 4], "texture": "#5"},
				"east": {"uv": [0, 2, 16, 4], "texture": "#5"},
				"south": {"uv": [15, 2, 16, 4], "texture": "#5"},
				"west": {"uv": [0, 2, 16, 4], "texture": "#5"},
				"up": {"uv": [0, 1, 16, 2], "texture": "#5"},
				"down": {"uv": [0, 3, 16, 4], "texture": "#5"}
			}
		},
		{
			"from": [16, 3, 0],
			"to": [16, 5, 14],
			"faces": {
				"north": {"uv": [0, 2, 1, 4], "texture": "#5"},
				"east": {"uv": [0, 2, 16, 4], "texture": "#5"},
				"south": {"uv": [15, 2, 16, 4], "texture": "#5"},
				"west": {"uv": [0, 2, 16, 4], "texture": "#5"},
				"up": {"uv": [0, 1, 16, 2], "texture": "#5"},
				"down": {"uv": [0, 3, 16, 4], "texture": "#5"}
			}
		}
	],
	"groups": [
		{
			"name": "bed_head",
			"origin": [8, 8, 8],
			"color": 0,
			"children": [
				{
					"name": "head",
					"origin": [0, 0, 0],
					"color": 0,
					"children": []
				}
			]
		},
		0,
		1,
		2,
		3,
		4,
		5,
		6,
		7,
		8
	]
}