{
	"credit": "Made with Blockbench",
	"ambientocclusion": false,
	"textures": {
		"side": "blocks/bed_feet_side",
		"particle": "blocks/bed_feet_top",
		"top": "blocks/bed_feet_top",
		"bottom": "blocks/planks_oak",
		"end": "blocks/bed_feet_end"
	},
	"elements": [
		{
			"name": "top,left right and end bed",
			"from": [0, 5, 2],
			"to": [16, 9, 16],
			"faces": {
				"north": {"uv": [0, 7, 16, 11], "texture": "#end"},
				"east": {"uv": [16, 7, 0, 11], "texture": "#side"},
				"west": {"uv": [0, 7, 16, 11], "texture": "#side"},
				"up": {"uv": [0, 16, 16, 0], "rotation": 90, "texture": "#top"},
				"down": {"uv": [0, 0, 16, 16], "texture": "#bottom"}
			}
		},
		{
			"from": [0, 3, 2],
			"to": [0, 5, 16],
			"faces": {
				"north": {"uv": [0, 0, 0, 2], "texture": "#missing"},
				"east": {"uv": [0, 2, 14, 4], "texture": "#bottom"},
				"south": {"uv": [0, 0, 0, 2], "texture": "#missing"},
				"west": {"uv": [0, 2, 14, 4], "texture": "#bottom"},
				"up": {"uv": [0, 0, 0, 14], "texture": "#missing"},
				"down": {"uv": [0, 0, 0, 14], "texture": "#missing"}
			}
		},
		{
			"from": [16, 3, 2],
			"to": [16, 5, 16],
			"faces": {
				"north": {"uv": [0, 0, 0, 2], "texture": "#missing"},
				"east": {"uv": [0, 2, 14, 4], "texture": "#bottom"},
				"south": {"uv": [0, 0, 0, 2], "texture": "#missing"},
				"west": {"uv": [0, 2, 14, 4], "texture": "#bottom"},
				"up": {"uv": [0, 0, 0, 14], "texture": "#missing"},
				"down": {"uv": [0, 0, 0, 14], "texture": "#missing"}
			}
		},
		{
			"from": [2, 3, 0],
			"to": [14, 10, 2],
			"faces": {
				"north": {"uv": [0, 9, 12, 16], "texture": "#bottom"},
				"east": {"uv": [12, 9, 14, 16], "texture": "#bottom"},
				"south": {"uv": [0, 9, 12, 16], "texture": "#bottom"},
				"west": {"uv": [12, 9, 14, 16], "texture": "#bottom"},
				"up": {"uv": [0, 8, 12, 10], "texture": "#bottom"},
				"down": {"uv": [0, 10, 12, 12], "texture": "#bottom"}
			}
		},
		{
			"name": "left leg",
			"from": [14, 0, 0],
			"to": [16, 12, 2],
			"faces": {
				"north": {"uv": [0, 0, 3, 12], "texture": "#bottom"},
				"east": {"uv": [3, 0, 0, 12], "texture": "#bottom"},
				"south": {"uv": [0, 0, 3, 12], "texture": "#bottom"},
				"west": {"uv": [0, 0, 3, 12], "texture": "#bottom"},
				"up": {"uv": [0, 0, 0, 0], "texture": "#bottom"},
				"down": {"uv": [3, 0, 6, 3], "texture": "#bottom"}
			}
		},
		{
			"name": "right leg",
			"from": [0, 0, 0],
			"to": [2, 12, 2],
			"faces": {
				"north": {"uv": [0, 0, 3, 12], "texture": "#bottom"},
				"east": {"uv": [3, 0, 0, 12], "texture": "#bottom"},
				"south": {"uv": [0, 0, 3, 12], "texture": "#bottom"},
				"west": {"uv": [0, 0, 3, 12], "texture": "#bottom"},
				"up": {"uv": [0, 0, 0, 0], "texture": "#bottom"},
				"down": {"uv": [3, 0, 6, 3], "texture": "#bottom"}
			}
		}
	]
}